"","Std_num","Name","birth_date","death","Primer","Booster1","Booster2","Booster3","Booster4","Primer_again","Booster1_again","Booster2_again","DOB_latest_foal","DOB_foal_year_before","DOB_foal_treatment","Foal_DOB_P_1yr","Foal_DOB_P_2yr","Foal_DOB_P_3yr","Foal_DOB_P_4yr","Foal_DOB_P_5yr","Foal_DOB_P_6yr","Foal_DOB_P_7yr","Foal_DOB_P_8yr","Foal_DOB_P_9yr","Foal_DOB_P_10yr","Foal_DOB_P2_1yr","Primer_again3","Booster1_again3","Booster2_status","Foal_Status_P_1yr","Foal_Status_P_2yr","Foal_Status_P_3yr","Foal_Status_P_4yr","Foal_Status_P_5yr","Foal_Status_P_6yr","Foal_Status_P_7yr","Foal_Status_P_8yr","Foal_Status_P_9yr","Foal_Status_P_10yr","Foal_Status_P2_1yr","Foal_Status_P2_2yr","first_foal_after_treatment","days_primer_to_firstfoal","fertility","primer_before_fertility","booster_before_fertility","timing","efficiency_year1"
"1",2633,"Klara",1994-03-15,2018-01-15,2017-03-11,2017-04-01,NA,NA,NA,NA,NA,NA,2015-05-30,NA,NA,NA,NA,NA,NA,NA,NA,NA,NA,NA,NA,NA,NA,NA,"OUT",NA,NA,NA,NA,NA,NA,NA,NA,NA,NA,NA,NA,NA,NA,2017-04-15,"y","y","p_b_yes","yes"
"2",3182,"Arka",1998-06-06,2018-02-15,2013-05-16,2013-06-17,2014-03-13,2015-06-21,NA,NA,NA,NA,NA,2012-07-01,2013-06-15,2014-05-29,2015-11-04,NA,2017-04-30,NA,NA,NA,NA,NA,NA,NA,NA,NA,"YES","YES","YES","NP","YES","OUT",NA,NA,NA,NA,NA,NA,NA,2014-05-29,378,2013-06-29,"y","y","p_b_yes","no"
"3",3378,"Csenge",2000-05-17,2017-12-15,2017-03-11,2017-03-25,NA,NA,NA,NA,NA,NA,2015-05-10,NA,NA,NA,NA,NA,NA,NA,NA,NA,NA,NA,NA,NA,NA,NA,"OUT","OUT",NA,NA,NA,NA,NA,NA,NA,NA,NA,NA,NA,NA,NA,2017-04-15,"y","y","p_b_yes","yes"
"4",3505,"Dalma",2001-04-23,2018-03-10,2013-03-24,2013-07-17,2014-03-06,2015-06-07,NA,NA,NA,NA,2011-05-18,NA,2013-05-04,2014-06-10,NA,NA,NA,NA,NA,NA,NA,NA,NA,NA,NA,NA,"YES","YES","NP","NP","NP","OUT",NA,NA,NA,NA,NA,NA,NA,2014-06-10,443,2013-05-18,"y","n","p_yes_b_no","yes"
"5",3556,"Dicső",2001-08-23,2022-01-19,2013-05-21,2013-07-04,2014-03-06,2015-06-21,2017-05-05,NA,NA,NA,NA,2012-05-03,2013-05-14,2014-04-29,NA,NA,NA,NA,NA,NA,NA,NA,NA,NA,NA,NA,"YES","YES","NP","NP","NP","NP","NP","NP","NP","NP","OUT",NA,NA,2014-04-29,343,2013-05-28,"y","n","p_yes_b_no","yes"
"6",3766,"Eper",2002-06-08,2022-01-11,2013-02-27,2014-02-24,2015-03-07,2016-03-28,2017-05-05,NA,NA,NA,NA,2012-05-25,2013-05-13,2014-06-22,2015-09-13,NA,NA,NA,NA,NA,NA,NA,NA,NA,NA,NA,"YES","YES","YES","NP","NP","NP","NP","NP","NP","OUT",NA,NA,NA,2014-06-22,480,2013-05-27,"y","n","p_yes_b_no","no"
"7",3769,"Emese",2002-07-01,2023-01-12,2014-04-15,2014-06-18,2015-04-15,2016-03-28,2017-05-05,NA,NA,NA,NA,2013-05-04,2014-05-09,NA,NA,NA,NA,2019-05-01,NA,NA,NA,NA,NA,NA,NA,NA,"YES","NP","NP","NP","NP","YES","NP","NP","NP","OUT",NA,NA,NA,2019-05-01,1842,2014-05-23,"y","n","p_yes_b_no","yes"
"8",3771,"Epona",2002-09-17,2022-11-22,2019-03-23,2019-04-26,2020-05-28,NA,NA,NA,NA,NA,2017-06-18,NA,2019-05-07,NA,NA,2022-05-24,NA,NA,NA,NA,NA,NA,NA,NA,NA,NA,"YES","NP","NP","YES","OUT",NA,NA,NA,NA,NA,NA,NA,NA,2022-05-24,1158,2019-05-21,"y","y","p_b_yes","yes"
"9",3773,"Emő",2002-10-20,2019-05-19,2017-05-05,2017-05-12,2019-05-19,NA,NA,NA,NA,NA,NA,2016-04-27,2017-04-23,2018-04-27,2019-05-17,NA,NA,NA,NA,NA,NA,NA,NA,NA,NA,NA,"YES","YES","YES","OUT",NA,NA,NA,NA,NA,NA,NA,NA,NA,2018-04-27,357,2017-05-07,"y","n","p_yes_b_no","no"
"10",3923,"Felhő",2003-11-01,NA,2019-03-02,2019-04-19,2021-05-28,NA,NA,NA,NA,NA,NA,NA,2019-05-18,NA,NA,NA,NA,NA,NA,NA,NA,NA,NA,NA,NA,NA,"YES","NP","NP","NP","NP",NA,NA,NA,NA,NA,NA,NA,NA,NA,NA,2019-06-01,"y","y","p_b_yes","yes"
"11",3924,"Flóra",2003-11-01,NA,2019-03-02,2019-04-16,2020-05-16,NA,NA,NA,NA,NA,2016-08-19,NA,2019-10-26,NA,NA,NA,NA,NA,NA,NA,NA,NA,NA,NA,NA,NA,"YES","NP","NP","NP","NP",NA,NA,NA,NA,NA,NA,NA,NA,NA,NA,2019-11-09,"y","y","p_b_yes","yes"
"12",4304,"Gizella",2004-04-24,2020-09-07,2013-03-24,2013-06-17,2014-02-24,2015-06-07,NA,NA,NA,NA,NA,2012-05-15,2013-05-25,NA,NA,NA,NA,NA,NA,NA,NA,NA,NA,NA,NA,NA,"YES","NP","NP","NP","NP","NP","NP","OUT",NA,NA,NA,NA,NA,NA,NA,2013-06-08,"y","n","p_yes_b_no","yes"
"13",4348,"Gréta",2004-05-24,NA,2014-06-13,2014-08-24,2015-05-23,NA,NA,2022-04-05,2022-05-12,2023-04-22,NA,2013-05-17,2014-05-10,2015-05-18,NA,NA,NA,NA,2020-09-13,NA,NA,NA,NA,NA,NA,NA,"YES","YES","NP","NP","NP","NP","YES","NP","NP",NA,NA,"NP",NA,2015-05-18,339,2014-05-24,"n","n","p_b_no","yes"
"14",4422,"Gerle",2004-09-29,2023-03-20,2017-03-11,2017-04-01,2018-06-27,NA,NA,NA,NA,NA,NA,2016-05-05,2017-05-06,NA,NA,NA,NA,NA,NA,NA,NA,NA,NA,NA,NA,NA,"YES","NP","NP","NP","NP","NP","OUT",NA,NA,NA,NA,NA,NA,NA,NA,2017-05-20,"y","y","p_b_yes","yes"
"15",4583,"Honorka",2005-08-10,2021-07-20,2014-04-25,2014-06-25,2015-04-19,NA,NA,NA,NA,NA,NA,2013-05-10,2014-05-09,2015-05-07,NA,NA,NA,NA,NA,NA,NA,NA,NA,NA,NA,NA,"YES","YES","NP","NP","NP","NP","NP","OUT",NA,NA,NA,NA,NA,2015-05-07,377,2014-05-23,"y","n","p_yes_b_no","yes"
"16",4592,"Hímes",2005-09-08,2021-12-16,2013-02-27,2014-02-27,2015-02-22,NA,NA,NA,NA,NA,NA,2012-05-09,2013-07-10,NA,NA,NA,NA,NA,NA,NA,NA,NA,NA,NA,NA,NA,"YES","NP","NP","NP","NP","NP","NP","NP","OUT",NA,NA,NA,NA,NA,NA,2013-07-24,"y","n","p_yes_b_no","yes"
"17",4697,"Helena",2006-04-21,NA,2019-03-02,2019-04-19,2020-05-28,NA,NA,NA,NA,NA,NA,2018-06-25,2019-06-11,NA,NA,NA,NA,NA,NA,NA,NA,NA,NA,NA,NA,NA,"YES","NP","NP","NP","NP",NA,NA,NA,NA,NA,NA,NA,NA,NA,NA,2019-06-25,"y","y","p_b_yes","yes"
"18",4735,"Ibolya",2006-05-10,2020-06-15,2013-02-27,2013-06-17,2014-02-27,2015-06-21,2017-05-05,NA,NA,NA,NA,2012-05-09,2013-08-02,NA,NA,NA,NA,NA,NA,NA,NA,NA,NA,NA,NA,NA,"YES","NP","NP","NP","NP","NP","NP","NP","OUT",NA,NA,NA,NA,NA,NA,2013-08-16,"y","y","p_b_yes","yes"
"19",4741,"Iringó",2006-05-16,2023-03-30,2014-03-20,2014-06-14,2015-04-11,2016-03-28,NA,NA,NA,NA,NA,2013-05-07,2014-04-30,2015-04-30,NA,NA,NA,NA,NA,NA,NA,NA,NA,NA,NA,NA,"YES","YES","NP","NP","NP","NP","NP","NP","NP","OUT",NA,NA,NA,2015-04-30,406,2014-05-14,"y","n","p_yes_b_no","yes"
"20",4744,"Iszalag",2006-05-19,2019-07-28,2019-03-15,2019-04-19,NA,NA,NA,NA,NA,NA,NA,2018-05-13,NA,NA,NA,NA,NA,NA,NA,NA,NA,NA,NA,NA,NA,NA,"OUT","OUT",NA,NA,NA,NA,NA,NA,NA,NA,NA,NA,NA,NA,NA,2019-05-13,"y","y","p_b_yes","yes"
"21",4766,"Imola",2006-05-26,NA,2020-05-16,2020-06-13,2021-03-25,NA,NA,2022-06-07,2022-07-12,2023-04-14,NA,2019-05-08,NA,2021-05-10,NA,NA,NA,NA,NA,NA,NA,NA,NA,NA,NA,NA,"YES","YES","NP",NA,NA,NA,NA,NA,NA,NA,NA,"NP",NA,2021-05-10,359,2020-05-30,"y","n","p_yes_b_no","yes"
"22",4786,"Igéző",2006-06-03,NA,2014-06-13,2014-09-06,2015-05-23,NA,NA,NA,NA,NA,NA,2013-06-30,2014-06-22,NA,NA,NA,NA,NA,NA,NA,NA,NA,NA,NA,NA,NA,"YES","NP","NP","NP","NP","NP","NP","NP","NP","NP",NA,NA,NA,NA,NA,2014-07-06,"y","n","p_yes_b_no","yes"
"23",4847,"Illegő",2006-07-29,NA,2021-01-17,2022-05-28,NA,NA,NA,NA,NA,NA,NA,2020-05-17,2021-05-12,2022-05-13,2023-05-08,NA,NA,NA,NA,NA,NA,NA,NA,NA,NA,NA,NA,"YES","YES",NA,NA,NA,NA,NA,NA,NA,NA,NA,NA,2022-05-13,481,2021-05-26,"y","n","p_yes_b_no","no"
"24",4974,"Jázmin",2007-05-15,2023-03-06,2019-03-23,2019-04-26,2020-06-03,NA,NA,NA,NA,NA,NA,2018-06-10,NA,NA,NA,NA,NA,NA,NA,NA,NA,NA,NA,NA,NA,NA,"YES","NP","NP","NP","OUT",NA,NA,NA,NA,NA,NA,NA,NA,NA,NA,2019-06-10,"y","y","p_b_yes","yes"
"25",4979,"Joghurt",2007-05-16,NA,2013-05-16,2014-03-06,2015-02-22,NA,NA,2022-04-04,2022-05-09,2023-04-14,NA,2012-05-29,2013-05-29,NA,2015-05-10,2016-05-06,2017-07-08,2018-05-19,NA,NA,2021-06-25,NA,NA,NA,NA,NA,"YES","NK","YES","YES","YES","YES","NP","NK","YES","NP",NA,"NP",NA,2015-05-10,724,2013-06-12,"y","n","p_yes_b_no","no"
"26",5002,"Jegenye",2007-05-28,2022-11-15,2014-03-26,2014-06-14,2015-04-11,2016-03-28,NA,2021-03-30,2021-05-30,2022-04-22,NA,2013-05-14,2014-05-17,2015-05-14,NA,NA,NA,NA,2020-05-28,NA,NA,NA,NA,NA,NA,NA,"YES","YES","NP","NP","NP","NP","YES","NP","OUT",NA,NA,NA,NA,2015-05-14,414,2014-05-31,"y","n","p_yes_b_no","yes"
"27",5066,"Juhar",2007-06-29,2019-12-15,2019-03-23,2019-04-26,NA,NA,NA,NA,NA,NA,2017-05-17,NA,2019-06-06,NA,NA,NA,NA,NA,NA,NA,NA,NA,NA,NA,NA,NA,"OUT","OUT",NA,NA,NA,NA,NA,NA,NA,NA,NA,NA,NA,NA,NA,2019-06-20,"y","y","p_b_yes","yes"
"28",5110,"Kecses",2008-04-22,2021-05-06,2017-02-25,2017-04-17,2019-03-09,NA,NA,NA,NA,NA,NA,2016-10-01,2017-09-15,NA,2019-06-21,NA,NA,NA,NA,NA,NA,NA,NA,NA,NA,NA,"YES","NP","YES","NP","OUT",NA,NA,NA,NA,NA,NA,NA,NA,2019-06-21,846,2017-09-29,"y","y","p_b_yes","yes"
"29",5111,"Kankalin",2008-04-22,2019-10-13,2013-05-24,2013-07-04,2014-03-13,2015-06-07,NA,NA,NA,NA,NA,2012-05-07,2013-05-12,2014-05-04,NA,NA,NA,NA,NA,NA,NA,NA,NA,NA,NA,NA,"YES","YES","NP","NP","NP","NP","NP","OUT",NA,NA,NA,NA,NA,2014-05-04,345,2013-05-26,"y","n","p_yes_b_no","yes"
"30",5132,"Kincso",2008-05-12,NA,2019-03-02,2019-04-26,2020-05-28,NA,NA,NA,NA,NA,NA,2018-05-11,NA,NA,NA,NA,NA,NA,NA,NA,NA,NA,NA,NA,NA,NA,"YES","NP","NP","NP","NP",NA,NA,NA,NA,NA,NA,NA,NA,NA,NA,2019-05-11,"y","y","p_b_yes","yes"
"31",5136,"Kisasszony",2008-05-14,NA,2013-05-17,2013-07-04,2014-03-20,2015-06-07,NA,2021-06-25,2022-04-22,2023-04-22,NA,2012-05-19,2013-05-15,NA,NA,NA,2017-06-03,NA,NA,NA,NA,NA,NA,NA,NA,NA,"YES","NP","NP","NP","YES","NP","NP","NP","NP",NA,NA,"NP","NP",2017-06-03,1478,2013-05-29,"y","n","p_yes_b_no","yes"
"32",5151,"Kala",2008-05-24,NA,2019-03-09,2019-04-15,2020-05-25,NA,NA,2022-05-15,2022-06-16,NA,NA,2018-07-01,NA,2020-07-19,NA,2022-08-31,NA,NA,NA,NA,NA,NA,NA,NA,2023-03-26,4607392-07-05,"YES","YES","NP","YES",NA,NA,NA,NA,NA,NA,NA,NA,NA,2020-07-19,498,2019-08-09,"y","y","p_b_yes","no"
"33",5211,"Kristaly",2008-08-08,2014-10-02,2014-04-15,2014-06-14,NA,NA,NA,NA,NA,NA,NA,NA,NA,NA,NA,NA,NA,NA,NA,NA,NA,NA,NA,NA,NA,NA,"OUT","NP","OUT",NA,NA,NA,NA,NA,NA,NA,NA,NA,NA,NA,NA,2014-04-15,"y","n","p_yes_b_no","yes"
"34",5217,"Kati",2008-10-04,2018-09-17,2014-04-15,2014-06-19,2015-04-19,NA,NA,NA,NA,NA,NA,2013-06-07,2014-06-04,2015-05-23,NA,NA,NA,NA,NA,NA,NA,NA,NA,NA,NA,NA,"YES","YES","NP","NP","OUT",NA,NA,NA,NA,NA,NA,NA,NA,2015-05-23,403,2014-06-18,"y","n","p_yes_b_no","yes"
"35",5381,"Lepke",2009-05-11,NA,2019-03-05,2019-04-16,2020-05-28,NA,NA,NA,NA,NA,2016-06-01,NA,NA,NA,NA,NA,NA,NA,NA,NA,NA,NA,NA,NA,NA,NA,"YES","NP","NP","NP","NP",NA,NA,NA,NA,NA,NA,NA,NA,NA,NA,2019-04-15,"y","n","p_yes_b_no","yes"
"36",5388,"Lóhere",2009-05-16,2018-02-25,2014-04-15,2014-06-18,2015-05-16,2017-05-05,NA,NA,NA,NA,NA,NA,2014-06-16,NA,NA,2017-06-30,NA,NA,NA,NA,NA,NA,NA,NA,NA,NA,"YES","NP","NP","YES","OUT",NA,NA,NA,NA,NA,NA,NA,NA,2017-06-30,1172,2014-06-30,"y","y","p_b_yes","yes"
"37",5389,"Lenke",2009-05-18,NA,2019-03-15,2019-04-26,2020-05-28,NA,NA,NA,NA,NA,NA,2018-05-09,2019-05-16,NA,NA,NA,NA,NA,NA,NA,NA,NA,NA,NA,NA,NA,"YES","NP","NP","NP","NP",NA,NA,NA,NA,NA,NA,NA,NA,NA,NA,2019-05-30,"y","y","p_b_yes","yes"
"38",5393,"Lídia",2009-05-19,NA,2017-03-11,2017-04-01,2018-06-27,2019-05-19,NA,2021-03-25,2021-05-26,NA,NA,2016-05-05,2017-05-06,2018-05-09,2019-05-14,2020-08-10,2021-07-14,NA,NA,NA,NA,NA,NA,NA,2022-05-18,4535952-11-07,"YES","YES","YES","YES","YES",NA,NA,NA,NA,NA,NA,"NP","NK",2018-05-09,424,2017-05-20,"y","y","p_b_yes","no"
"39",5398,"Lilla",2009-05-21,NA,2019-03-09,2019-04-19,2020-05-25,NA,NA,NA,NA,NA,2017-05-01,NA,2019-05-01,NA,NA,NA,NA,NA,NA,NA,NA,NA,NA,NA,NA,NA,"YES","NP","NP","NP",NA,NA,NA,NA,NA,NA,NA,NA,NA,NA,NA,2019-05-15,"y","y","p_b_yes","yes"
"40",5409,"Léka",2009-05-30,NA,2019-03-15,2019-04-19,2020-06-13,NA,NA,2023-03-22,2023-05-07,NA,NA,2018-05-10,2019-05-28,NA,NA,NA,NA,NA,NA,NA,NA,NA,NA,NA,NA,NA,"YES","NP","NP","NP",NA,NA,NA,NA,NA,NA,NA,NA,NA,NA,NA,2019-06-11,"y","y","p_b_yes","yes"
"41",5415,"Lengő",2009-06-07,2018-02-28,2013-05-16,2013-08-26,2014-03-20,2015-06-21,NA,NA,NA,NA,NA,2012-05-25,2013-06-23,NA,NA,NA,NA,NA,NA,NA,NA,NA,NA,NA,NA,NA,"YES","NP","NP","NP","NP","OUT",NA,NA,NA,NA,NA,NA,NA,NA,NA,2013-07-07,"y","n","p_yes_b_no","yes"
"42",5595,"Mirella",2010-04-20,NA,2019-03-05,2019-04-26,2020-06-03,NA,NA,NA,NA,NA,NA,NA,2019-05-17,NA,NA,NA,NA,NA,NA,NA,NA,NA,NA,NA,NA,NA,"YES","NP","NP","NP","NP",NA,NA,NA,NA,NA,NA,NA,NA,NA,NA,2019-05-31,"y","y","p_b_yes","yes"
"43",5601,"Mályva",2010-05-01,2021-06-07,2019-03-02,2019-04-26,2020-05-25,NA,NA,NA,NA,NA,NA,NA,2019-05-27,NA,NA,NA,NA,NA,NA,NA,NA,NA,NA,NA,NA,NA,"YES","NP","NP","OUT",NA,NA,NA,NA,NA,NA,NA,NA,NA,NA,NA,2019-06-10,"y","y","p_b_yes","yes"
"44",5606,"Mentha",2010-05-07,NA,2019-03-09,2019-04-15,2020-05-25,NA,NA,NA,NA,NA,NA,NA,2019-07-16,NA,NA,NA,NA,NA,NA,NA,NA,NA,NA,NA,NA,NA,"YES","NP","NP","NP","NP",NA,NA,NA,NA,NA,NA,NA,NA,NA,NA,2019-07-30,"y","y","p_b_yes","yes"
"45",5609,"Melissza",2010-05-09,2019-09-16,2019-03-15,2019-04-16,NA,NA,NA,NA,NA,NA,NA,2018-04-28,2019-05-31,NA,NA,NA,NA,NA,NA,NA,NA,NA,NA,NA,NA,NA,"OUT","OUT",NA,NA,NA,NA,NA,NA,NA,NA,NA,NA,NA,NA,NA,2019-06-14,"y","y","p_b_yes","yes"
"46",5614,"Müle",2010-05-11,2023-02-10,2013-05-21,2013-08-05,2014-03-13,2015-06-21,NA,2021-06-05,2022-07-12,NA,NA,NA,2013-06-09,2014-06-04,NA,NA,2017-04-23,NA,NA,NA,NA,NA,NA,NA,NA,NA,"YES","YES","NK","NP","YES","NP","NP","NP","NP",NA,NA,"NP","OUT",2014-06-04,379,2013-06-23,"y","n","p_yes_b_no","yes"
"47",5617,"Mesés",2010-05-12,2015-05-06,2014-06-10,2014-08-24,NA,NA,NA,NA,NA,NA,NA,NA,2014-05-03,2015-05-05,NA,NA,NA,NA,NA,NA,NA,NA,NA,NA,NA,NA,"OUT","YES","OUT",NA,NA,NA,NA,NA,NA,NA,NA,NA,NA,2015-05-05,329,2014-05-17,"n","n","p_b_no","yes"
"48",5620,"Mimóza",2010-05-13,2023-04-13,2013-05-24,2013-08-05,2014-03-06,2015-06-21,NA,2021-03-25,2021-05-30,2022-04-22,NA,NA,NA,NA,NA,NA,NA,NA,NA,2020-05-04,2021-05-21,NA,NA,NA,NA,NA,"YES","NK","NK","NP","NP","NP","NP","YES","YES","NP",NA,"NP","NP",2020-05-04,2537,2013-04-15,"n","n","p_b_no","yes"
"49",5642,"Mazsola",2010-06-01,NA,2019-03-02,2019-04-15,2020-05-16,NA,NA,2023-03-12,2023-04-21,NA,NA,2018-05-30,2019-05-27,NA,NA,2022-09-19,NA,NA,NA,NA,NA,NA,NA,NA,NA,NA,"YES","NP","NP","YES","NP",NA,NA,NA,NA,NA,NA,NA,NA,2022-09-19,1297,2019-06-10,"y","y","p_b_yes","yes"
"50",5647,"Mormota",2010-06-07,NA,2020-05-11,2020-07-02,2021-04-10,NA,NA,NA,NA,NA,2015-08-31,NA,NA,NA,NA,NA,NA,NA,NA,NA,NA,NA,NA,NA,NA,NA,"YES","NP","NP","NP",NA,NA,NA,NA,NA,NA,NA,NA,NA,NA,NA,2020-04-15,"n","n","p_b_no","yes"
"51",5654,"Málna",2010-06-14,NA,2020-05-16,2020-06-13,2021-03-25,NA,NA,NA,NA,NA,NA,2019-06-09,NA,NA,NA,NA,NA,NA,NA,NA,NA,NA,NA,NA,NA,NA,"YES","NP","NP","NP",NA,NA,NA,NA,NA,NA,NA,NA,NA,NA,NA,2020-06-08,"y","n","p_yes_b_no","yes"
"52",5735,"Nemes",2011-04-17,NA,2019-03-15,2019-04-26,2020-05-16,NA,NA,NA,NA,NA,NA,NA,2019-05-08,NA,NA,NA,NA,NA,NA,NA,NA,NA,NA,NA,NA,NA,"YES","NP","NP","NP","NP",NA,NA,NA,NA,NA,NA,NA,NA,NA,NA,2019-05-22,"y","y","p_b_yes","yes"
"53",5742,"Narancs",2011-04-29,NA,2014-06-04,2014-07-25,2015-05-16,NA,NA,2021-05-04,2021-06-05,2022-07-15,NA,NA,2014-05-01,NA,2016-04-13,2017-05-05,NA,2019-06-23,2020-05-28,NA,NA,NA,NA,NA,NA,NA,"YES","NP","YES","YES","NK","YES","YES","NP",NA,NA,NA,"NP","NP",2016-04-13,679,2014-05-15,"n","n","p_b_no","no"
"54",5744,"Nőci",2011-04-29,NA,2019-03-09,2019-04-19,2020-06-03,NA,NA,NA,NA,NA,NA,NA,2019-04-28,NA,NA,NA,NA,NA,NA,NA,NA,NA,NA,NA,NA,NA,"YES","NP","NP","NP","NP",NA,NA,NA,NA,NA,NA,NA,NA,NA,NA,2019-05-12,"y","y","p_b_yes","yes"
"55",5755,"Nefelejcs",2011-05-05,2019-04-22,2019-03-09,2019-04-16,NA,NA,NA,NA,NA,NA,2017-04-28,NA,NA,NA,NA,NA,NA,NA,NA,NA,NA,NA,NA,NA,NA,NA,"OUT","OUT",NA,NA,NA,NA,NA,NA,NA,NA,NA,NA,NA,NA,NA,2019-04-15,"y","n","p_yes_b_no","yes"
"56",5757,"Nóra",2011-05-05,NA,2013-05-03,2013-06-20,NA,NA,NA,2023-03-02,2023-04-14,NA,NA,NA,NA,NA,2015-03-22,NA,NA,2018-05-28,NA,NA,2021-05-16,NA,NA,NA,NA,NA,NA,"NP","YES","NP","NP","YES","NP","NP","YES","NP",NA,NA,NA,2015-03-22,688,2013-04-15,"n","n","p_b_no","no"
"57",5761,"Niké",2011-05-07,NA,2019-03-15,2019-04-26,2020-05-25,NA,NA,2023-03-22,2023-05-04,NA,NA,2018-05-17,NA,2020-08-27,NA,2022-06-21,NA,NA,NA,NA,NA,NA,NA,NA,NA,NA,"YES","YES","NP","YES","NP",NA,NA,NA,NA,NA,NA,NA,NA,2020-08-27,531,2019-09-17,"y","y","p_b_yes","no"
"58",5772,"Nunuke",2011-05-11,2022-01-11,2019-03-15,2019-04-19,2020-06-13,NA,NA,2021-06-22,NA,NA,NA,2018-04-20,NA,2020-06-12,NA,NA,NA,NA,NA,NA,NA,NA,NA,NA,NA,NA,"YES","YES","NP","OUT",NA,NA,NA,NA,NA,NA,NA,NA,NA,2020-06-12,455,2019-07-03,"y","y","p_b_yes","no"
"59",5798,"Nágya",2011-05-17,NA,2013-05-03,2013-06-20,NA,NA,NA,NA,NA,NA,NA,NA,NA,NA,NA,NA,NA,NA,NA,NA,NA,NA,NA,NA,NA,NA,"OUT","OUT",NA,NA,NA,NA,NA,NA,NA,NA,NA,NA,NA,NA,NA,2013-04-15,"n","n","p_b_no","yes"
"60",5799,"Nina",2011-05-17,2023-03-06,2014-04-15,2014-06-18,2015-04-12,NA,NA,2021-06-05,2022-07-06,2022-07-15,NA,NA,NA,2015-05-02,NA,NA,NA,NA,NA,NA,NA,NA,NA,NA,NA,NA,"YES","YES","NP","NP","NP","NP","NP","NP","NP","OUT",NA,NA,NA,2015-05-02,382,2014-05-22,"y","n","p_yes_b_no","yes"
"61",5876,"Nutella",2011-06-20,NA,2018-07-07,2018-08-26,2019-03-09,NA,NA,2021-03-24,2021-05-26,2022-04-22,2016-06-18,NA,NA,2019-05-08,2020-07-20,2021-05-22,NA,NA,NA,NA,NA,NA,NA,NA,NA,NA,"YES","YES","YES","YES",NA,NA,NA,NA,NA,NA,NA,"NP","NP",2019-05-08,305,2018-05-28,"n","n","p_b_no","no"
"62",5878,"Nokedli",2011-06-23,NA,2019-03-15,2019-04-26,2020-05-28,NA,NA,NA,NA,NA,NA,2018-04-26,NA,NA,NA,NA,NA,NA,NA,NA,NA,NA,NA,NA,NA,NA,"YES","NP","NP","NP","NP",NA,NA,NA,NA,NA,NA,NA,NA,NA,NA,2019-04-26,"y","y","p_b_yes","yes"
"63",5888,"Naomi",2011-07-03,2018-03-26,2014-04-16,2014-06-19,2015-06-07,NA,NA,NA,NA,NA,NA,NA,2014-07-20,NA,NA,NA,NA,NA,NA,NA,NA,NA,NA,NA,NA,NA,"YES","NP","NP","NP","OUT",NA,NA,NA,NA,NA,NA,NA,NA,NA,NA,2014-08-03,"y","y","p_b_yes","yes"
"64",5947,"Orgona",2012-04-24,NA,2021-03-31,2021-06-05,2022-07-12,NA,NA,NA,NA,NA,NA,NA,2021-05-03,NA,NA,NA,NA,NA,NA,NA,NA,NA,NA,NA,NA,NA,"YES","NP","NP",NA,NA,NA,NA,NA,NA,NA,NA,NA,NA,NA,NA,2021-05-17,"y","n","p_yes_b_no","yes"
"65",5959,"Óda",2012-05-03,NA,2014-04-25,2014-06-25,2015-04-19,NA,NA,2023-03-26,2023-05-04,NA,NA,NA,NA,2015-05-04,NA,NA,2018-05-13,NA,NA,NA,NA,NA,NA,NA,NA,NA,"YES","YES","NP","NP","YES","NP","NP","NP","NP",NA,NA,NA,NA,2015-05-04,374,2014-05-24,"y","n","p_yes_b_no","yes"
"66",5970,"Olga",2012-05-09,2019-08-10,2014-04-25,2014-06-25,2015-04-19,NA,NA,NA,NA,NA,NA,NA,NA,NA,NA,NA,NA,NA,NA,NA,NA,NA,NA,NA,NA,NA,"YES","NP","NP","NP","NP","OUT",NA,NA,NA,NA,NA,NA,NA,NA,NA,2014-04-15,"n","n","p_b_no","yes"
"67",5987,"Őzike",2012-05-17,NA,2014-06-04,2014-07-25,2015-05-16,NA,NA,2021-04-01,2021-06-04,2022-07-12,NA,NA,NA,2015-06-11,NA,2017-06-03,NA,2019-05-21,2020-08-16,NA,NA,NA,NA,NA,NA,NA,"YES","YES","NP","YES","NP","YES","YES","NP",NA,NA,NA,"NP","NP",2015-06-11,372,2014-07-01,"y","n","p_yes_b_no","yes"
"68",5995,"Odera",2012-05-21,NA,2020-05-11,2020-06-13,NA,NA,NA,2022-05-18,2022-06-13,2023-04-14,NA,NA,2020-04-23,2021-04-26,NA,NA,NA,NA,NA,NA,NA,NA,NA,NA,NA,NA,NA,"YES","NP",NA,NA,NA,NA,NA,NA,NA,NA,NA,NA,2021-04-26,350,2020-05-07,"n","n","p_b_no","yes"
"69",6001,"Orchidea",2012-05-24,NA,2014-06-10,2014-08-24,2015-05-16,NA,NA,2021-03-31,2021-05-26,2022-07-07,NA,NA,NA,2015-04-28,2016-05-23,NA,NA,NA,2020-05-30,NA,NA,NA,NA,NA,NA,NA,"YES","YES","YES","NP","NP","NK","YES","NP","NP","NP",NA,NA,NA,2015-04-28,322,2014-05-18,"n","n","p_b_no","no"
"70",6005,"Ofélia",2012-05-26,NA,2020-04-23,2020-05-25,2021-03-24,NA,NA,NA,NA,NA,NA,2019-04-28,2020-04-25,NA,NA,NA,NA,NA,NA,NA,NA,NA,NA,NA,2023-03-12,4607392-07-05,"YES","NP","NP",NA,NA,NA,NA,NA,NA,NA,NA,NA,NA,NA,NA,2020-05-09,"y","n","p_yes_b_no","yes"
"71",6012,"Ohara",2012-05-28,NA,2014-06-10,2014-07-25,2015-06-07,NA,NA,2021-03-25,2021-05-27,2022-06-07,NA,NA,NA,2015-04-30,NA,2017-05-08,NA,2019-05-07,2020-05-02,2021-05-16,NA,NA,NA,2022-07-11,NA,NA,"YES","YES","NP","YES","NP","YES","YES","YES",NA,NA,NA,"YES","NP",2015-04-30,324,2014-05-20,"n","n","p_b_no","yes"
"72",6046,"Onedin",2012-07-05,2020-09-07,2014-04-25,2014-06-25,2015-04-12,2017-05-05,NA,NA,NA,NA,NA,NA,NA,2015-05-04,NA,NA,NA,NA,NA,NA,NA,NA,NA,NA,NA,NA,"YES","YES","NP","NP","NP","NP","OUT",NA,NA,NA,NA,NA,NA,2015-05-04,374,2014-05-24,"y","n","p_yes_b_no","yes"
"73",6077,"Omnia",2012-08-23,2018-09-17,2014-04-16,2014-06-19,2015-04-12,2018-06-27,NA,NA,NA,NA,NA,NA,NA,NA,NA,NA,NA,NA,NA,NA,NA,NA,NA,NA,NA,NA,"YES","NP","NP","NP","OUT",NA,NA,NA,NA,NA,NA,NA,NA,NA,NA,2014-04-15,"n","n","p_b_no","yes"
"74",6328,"Pálma",2013-05-07,2019-10-15,2019-03-27,2019-05-19,NA,NA,NA,NA,NA,NA,NA,NA,2019-05-03,NA,NA,NA,NA,NA,NA,NA,NA,NA,NA,NA,NA,NA,"OUT","OUT",NA,NA,NA,NA,NA,NA,NA,NA,NA,NA,NA,NA,NA,2019-05-17,"y","n","p_yes_b_no","yes"
"75",6270,"Primula",2013-05-10,NA,2015-02-21,2015-03-22,NA,NA,NA,2022-04-04,2022-06-01,2023-05-07,NA,NA,NA,NA,NA,NA,NA,NA,2021-05-01,2022-05-11,NA,NA,NA,2023-05-16,NA,NA,NA,"NP","NP","NP","NP","NP","YES","YES",NA,NA,NA,"YES",NA,2021-05-01,2261,2015-04-15,"y","y","p_b_yes","yes"
"76",6206,"Pacsírta",2013-05-12,2021-10-04,2015-02-21,2015-03-22,2016-03-28,NA,NA,NA,NA,NA,NA,NA,NA,NA,NA,NA,NA,NA,NA,NA,NA,NA,NA,NA,NA,NA,"YES","NP","NP","NP","NP","NP","OUT",NA,NA,NA,NA,NA,NA,NA,NA,2015-04-15,"y","y","p_b_yes","yes"
"77",6210,"Pinka",2013-05-14,2020-01-30,2015-02-21,2015-03-29,NA,NA,NA,NA,NA,NA,NA,NA,NA,NA,NA,NA,NA,NA,NA,NA,NA,NA,NA,NA,NA,NA,NA,"NP","NP","NP","NP","OUT",NA,NA,NA,NA,NA,NA,NA,NA,NA,2015-04-15,"y","y","p_b_yes","yes"
"78",6214,"Papaya",2013-05-15,2019-06-06,2015-03-07,2015-04-11,2017-03-25,NA,NA,NA,NA,NA,NA,NA,NA,NA,NA,NA,NA,NA,NA,NA,NA,NA,NA,NA,NA,NA,"YES","NP","NP","OUT",NA,NA,NA,NA,NA,NA,NA,NA,NA,NA,NA,2015-04-15,"y","y","p_b_yes","yes"
"79",6256,"Pehely",2013-05-30,NA,2015-02-14,2015-03-15,2016-03-28,NA,NA,NA,NA,NA,NA,NA,NA,NA,NA,NA,NA,NA,NA,NA,NA,NA,NA,NA,NA,NA,"YES","OUT",NA,NA,NA,NA,NA,NA,NA,NA,NA,NA,NA,NA,NA,2015-04-15,"y","y","p_b_yes","yes"
"80",6259,"Pajzsika",2013-06-01,NA,2021-03-24,2021-05-26,2022-04-22,NA,NA,NA,NA,NA,NA,2020-04-23,NA,NA,NA,NA,NA,NA,NA,NA,NA,NA,NA,NA,2023-03-22,4610231-03-05,"YES","NP","NP",NA,NA,NA,NA,NA,NA,NA,NA,NA,NA,NA,NA,2021-04-23,"y","n","p_yes_b_no","yes"
"81",6281,"Panka",2013-06-07,NA,2015-02-21,2015-04-11,NA,NA,NA,2021-03-24,2021-05-30,2022-05-15,NA,NA,NA,NA,NA,2018-05-19,NA,NA,2021-05-24,NA,NA,NA,NA,NA,NA,NA,NA,"NP","NP","YES","NP","NK","YES",NA,NA,NA,NA,"NK","NP",2018-05-19,1183,2015-04-15,"y","y","p_b_yes","yes"
"82",6285,"Peremizs",2013-06-08,2018-05-13,2015-02-22,2015-03-29,NA,NA,NA,NA,NA,NA,NA,NA,NA,NA,NA,NA,NA,NA,NA,NA,NA,NA,NA,NA,NA,NA,NA,"NP","NP","OUT",NA,NA,NA,NA,NA,NA,NA,NA,NA,NA,NA,2015-04-15,"y","y","p_b_yes","yes"
"83",6290,"Padlizsán",2013-06-10,NA,2015-02-14,2015-03-15,NA,NA,NA,NA,NA,NA,NA,NA,NA,NA,NA,NA,NA,NA,NA,NA,NA,NA,NA,NA,NA,NA,"OUT","OUT",NA,NA,NA,NA,NA,NA,NA,NA,NA,NA,NA,NA,NA,2015-04-15,"y","y","p_b_yes","yes"
"84",6291,"Pacsuli",2013-06-10,2018-03-03,2015-02-14,2015-03-15,NA,NA,NA,NA,NA,NA,NA,NA,NA,NA,NA,NA,NA,NA,NA,NA,NA,NA,NA,NA,NA,NA,NA,"NK","NK","OUT",NA,NA,NA,NA,NA,NA,NA,NA,NA,NA,NA,2015-04-15,"y","y","p_b_yes","yes"
"85",6306,"Piroska",2013-06-17,NA,2015-02-08,2015-03-07,NA,NA,NA,2022-04-06,2022-05-13,2023-04-14,NA,NA,NA,2016-08-18,NA,2018-05-21,NA,2020-05-07,2021-05-01,2022-07-04,NA,NA,NA,NA,NA,NA,NA,"YES","NP","YES","NP","YES","YES","YES",NA,NA,NA,"NP",NA,2016-08-18,557,2015-09-08,"y","y","p_b_yes","no"
"86",6322,"Plutó",2013-06-29,NA,2015-02-21,2015-03-22,2016-03-28,NA,NA,NA,NA,NA,NA,NA,NA,NA,NA,NA,NA,NA,NA,NA,NA,NA,NA,NA,NA,NA,"YES","OUT",NA,NA,NA,NA,NA,NA,NA,NA,NA,NA,NA,NA,NA,2015-04-15,"y","y","p_b_yes","yes"
"87",6324,"Panda",2013-07-02,NA,2015-02-22,2015-03-29,NA,NA,NA,2022-03-17,2022-04-29,2023-05-07,NA,NA,NA,NA,NA,2018-05-05,NA,NA,2021-05-06,2022-06-21,NA,NA,NA,NA,NA,NA,NA,"NP","NK","YES","NP","NP","YES","YES",NA,NA,NA,"NP",NA,2018-05-05,1168,2015-04-15,"y","y","p_b_yes","yes"
"88",6325,"Patrícia",2013-07-02,NA,2015-02-14,2015-03-15,NA,NA,NA,2023-03-12,2023-04-22,NA,NA,NA,NA,NA,NA,NA,NA,NA,NA,NA,NA,NA,NA,NA,NA,NA,NA,"NP","NP","NP","NP","NP","NP","NP",NA,NA,NA,NA,NA,NA,NA,2015-04-15,"y","y","p_b_yes","yes"
"89",6334,"Pemzli",2013-07-10,NA,2015-02-21,2015-03-22,NA,NA,NA,2021-03-30,2021-05-26,2022-07-06,NA,NA,NA,NA,NA,NA,NA,2020-04-25,NA,NA,NA,NA,NA,NA,NA,NA,NA,"NP","NP","NP","NP","YES","NP",NA,NA,NA,NA,"NP","NP",2020-04-25,1890,2015-04-15,"y","y","p_b_yes","yes"
"90",6337,"Provence",2013-07-14,2018-10-16,2015-02-21,2015-03-22,2016-03-28,2017-04-17,NA,NA,NA,NA,NA,NA,NA,NA,NA,2028-07-23,NA,NA,NA,NA,NA,NA,NA,NA,NA,NA,"YES","NP","NP","YES","OUT",NA,NA,NA,NA,NA,NA,NA,NA,2028-07-23,4901,2015-04-15,"y","y","p_b_yes","yes"
"91",6343,"Pitypang",2013-07-29,2019-01-09,2015-02-21,2015-03-22,NA,NA,NA,NA,NA,NA,NA,NA,NA,NA,NA,NA,NA,NA,NA,NA,NA,NA,NA,NA,NA,NA,NA,"NP","NP","NP","OUT",NA,NA,NA,NA,NA,NA,NA,NA,NA,NA,2015-04-15,"y","y","p_b_yes","yes"
"92",6365,"Puma",2013-08-29,NA,2015-03-07,2015-04-12,NA,NA,NA,NA,NA,NA,NA,NA,NA,NA,NA,NA,NA,NA,NA,NA,NA,NA,NA,NA,NA,NA,"OUT","OUT",NA,NA,NA,NA,NA,NA,NA,NA,NA,NA,NA,NA,NA,2015-04-15,"y","y","p_b_yes","yes"
"93",6385,"Rezeda",2014-04-24,NA,2019-03-15,2019-04-19,2020-05-11,NA,NA,NA,NA,NA,NA,NA,NA,NA,NA,NA,NA,NA,NA,NA,NA,NA,NA,NA,NA,NA,"YES","NP","NP","NP",NA,NA,NA,NA,NA,NA,NA,NA,NA,NA,NA,2019-04-15,"y","n","p_yes_b_no","yes"
"94",6386,"Ruby",2014-04-25,NA,2017-02-25,2017-03-26,2019-03-09,NA,NA,NA,NA,NA,NA,NA,NA,NA,NA,NA,NA,NA,NA,NA,NA,NA,NA,NA,NA,NA,"YES","NP","NK","NP","NP","NP","NP",NA,NA,NA,NA,NA,NA,NA,NA,2017-04-15,"y","y","p_b_yes","yes"
"95",6390,"Rekettye",2014-04-29,NA,2017-04-23,2017-04-29,2019-03-09,NA,NA,NA,NA,NA,NA,NA,NA,NA,NA,NA,2021-08-21,2022-08-23,NA,NA,NA,NA,NA,NA,NA,NA,"YES","NP","NP","NP","YES","YES",NA,NA,NA,NA,NA,NA,NA,2021-08-21,1581,2017-04-15,"n","n","p_b_no","yes"
"96",6391,"Remek",2014-04-30,NA,2020-05-11,2021-06-22,2022-06-13,NA,NA,NA,NA,NA,NA,2019-05-17,NA,2021-04-20,2022-05-04,NA,NA,NA,NA,NA,NA,NA,NA,NA,NA,NA,"YES","YES","YES",NA,NA,NA,NA,NA,NA,NA,NA,NA,NA,2021-04-20,344,2020-05-10,"n","n","p_b_no","no"
"97",6392,"Ribizli",2014-04-30,2022-04-12,2017-03-11,2017-03-25,2018-07-07,NA,NA,2021-05-04,2021-06-15,NA,NA,NA,NA,NA,NA,NA,NA,NA,NA,NA,NA,NA,NA,NA,NA,NA,"YES","NP","NP","NP","NP","OUT",NA,NA,NA,NA,NA,NA,NA,NA,NA,2017-04-15,"y","y","p_b_yes","yes"
"98",6395,"Rusalka",2014-05-03,2021-10-04,2017-02-25,2017-03-26,2019-04-15,NA,NA,NA,NA,NA,NA,NA,NA,NA,NA,NA,NA,NA,NA,NA,NA,NA,NA,NA,NA,NA,"YES","NP","NP","NP","OUT",NA,NA,NA,NA,NA,NA,NA,NA,NA,NA,2017-04-15,"y","y","p_b_yes","yes"
"99",6404,"Rendetlen",2014-05-09,NA,2018-07-07,2018-08-26,2019-04-15,NA,NA,NA,NA,NA,NA,NA,2018-05-06,2019-04-30,NA,NA,NA,NA,NA,NA,NA,NA,NA,NA,NA,NA,"YES","YES","NP","NP","NP",NA,NA,NA,NA,NA,NA,NA,NA,2019-04-30,297,2018-05-20,"n","n","p_b_no","yes"
"100",6411,"Rezzent",2014-05-10,NA,2021-03-24,2021-05-26,2022-04-22,NA,NA,2023-03-22,2023-05-04,NA,NA,2020-05-08,2021-04-28,NA,NA,NA,NA,NA,NA,NA,NA,NA,NA,NA,2023-04-22,4611413-12-13,"YES","NP","NP",NA,NA,NA,NA,NA,NA,NA,NA,NA,NA,NA,NA,2021-05-12,"y","n","p_yes_b_no","yes"
"101",6418,"Repes",2014-05-13,NA,2017-03-12,2017-04-17,NA,NA,NA,2021-04-10,2021-06-25,2022-04-22,NA,NA,NA,2018-05-13,2019-06-05,2020-06-09,2021-05-19,NA,NA,NA,NA,NA,NA,NA,NA,NA,NA,"YES","YES","YES","YES",NA,NA,NA,NA,NA,NA,"NP","NP",2018-05-13,427,2017-06-02,"y","y","p_b_yes","no"
"102",6420,"Rejtek",2014-05-14,NA,2019-03-27,2019-05-19,NA,NA,NA,NA,NA,NA,NA,NA,NA,NA,NA,NA,NA,NA,NA,NA,NA,NA,NA,NA,NA,NA,NA,"NP","NP","NP",NA,NA,NA,NA,NA,NA,NA,NA,NA,NA,NA,2019-04-15,"y","n","p_yes_b_no","yes"
"103",6423,"Roma",2014-05-15,NA,2020-05-11,2020-07-02,NA,NA,NA,2021-04-10,2021-05-28,2022-04-22,NA,NA,2020-09-13,NA,NA,NA,NA,NA,NA,NA,NA,NA,NA,NA,NA,NA,NA,"NP",NA,NA,NA,NA,NA,NA,NA,NA,NA,"NP","NP",NA,NA,2020-09-27,"y","y","p_b_yes","yes"
"104",6425,"Rosalinde",2014-05-16,NA,2017-03-26,2017-04-17,2018-06-27,NA,NA,2021-03-24,2021-06-05,2022-04-22,NA,NA,2017-05-24,NA,2019-05-19,2020-05-16,2021-06-04,NA,NA,NA,NA,NA,NA,NA,NA,NA,"YES","NP","YES","YES","YES",NA,NA,NA,NA,NA,NA,"NP","NP",2019-05-19,784,2017-06-07,"y","y","p_b_yes","yes"
"105",6426,"Ronni",2014-05-16,2019-12-15,2017-04-23,2017-04-23,NA,NA,NA,NA,NA,NA,NA,NA,NA,NA,2019-05-09,NA,NA,NA,NA,NA,NA,NA,NA,NA,NA,NA,NA,"NP","YES","OUT",NA,NA,NA,NA,NA,NA,NA,NA,NA,2019-05-09,746,2017-04-15,"n","n","p_b_no","no"
"106",6429,"Renata",2014-05-17,2018-03-08,2017-02-25,2017-04-01,NA,NA,NA,NA,NA,NA,NA,NA,NA,NA,NA,NA,NA,NA,NA,NA,NA,NA,NA,NA,NA,NA,"OUT","OUT",NA,NA,NA,NA,NA,NA,NA,NA,NA,NA,NA,NA,NA,2017-04-15,"y","y","p_b_yes","yes"
"107",6430,"Rona",2014-05-17,NA,2017-04-30,2019-05-18,NA,NA,NA,NA,NA,NA,NA,NA,NA,NA,NA,NA,NA,NA,2023-05-21,NA,NA,NA,NA,NA,NA,NA,NA,"NP","NP","NP","NP","NP","YES",NA,NA,NA,NA,NA,NA,2023-05-21,2212,2017-04-15,"n","n","p_b_no","yes"
"108",6431,"Rozmaring",2014-05-19,NA,2019-03-05,2019-04-16,2020-05-16,NA,NA,2022-05-18,2022-06-17,NA,NA,NA,NA,2020-04-23,NA,2022-08-27,NA,NA,NA,NA,NA,NA,NA,NA,NA,NA,"YES","YES","NP","YES","NP",NA,NA,NA,NA,NA,NA,NA,NA,2020-04-23,415,2019-05-14,"y","y","p_b_yes","no"
"109",6434,"Rubin",2014-05-21,NA,2017-04-17,2017-04-29,2018-10-14,2019-03-09,NA,NA,NA,NA,NA,NA,NA,NA,NA,NA,NA,NA,NA,NA,NA,NA,NA,NA,NA,NA,"YES","NP","NP","NP","NP","NP","NP",NA,NA,NA,NA,NA,NA,NA,NA,2017-04-15,"n","n","p_b_no","yes"
"110",6449,"Roxane",2014-06-04,NA,2017-04-30,NA,NA,NA,NA,2021-04-01,2021-05-26,2022-05-15,NA,NA,2017-05-17,NA,NA,2020-04-28,2021-05-03,NA,NA,NA,NA,NA,NA,NA,NA,NA,NA,"NP","NP","YES","YES",NA,NA,NA,NA,NA,NA,"NP","NP",2020-04-28,1094,2017-05-31,"y",NA,"p_yes_nobooster",NA
"111",6461,"Rahel",2014-06-10,NA,2017-03-12,2017-03-26,2019-05-18,NA,NA,NA,NA,NA,NA,NA,NA,NA,NA,NA,NA,NA,NA,NA,NA,NA,NA,NA,NA,NA,"YES","NP","NK","NP","NP","NP",NA,NA,NA,NA,NA,NA,NA,NA,NA,2017-04-15,"y","y","p_b_yes","yes"
"112",6462,"Rhea",2014-06-10,NA,2017-03-12,2021-06-15,NA,NA,NA,2022-04-05,2022-05-09,NA,NA,NA,NA,2018-05-29,NA,2020-06-26,NA,NA,NA,NA,NA,NA,NA,NA,NA,NA,NA,"YES","NP","YES","NP","NP",NA,NA,NA,NA,NA,NA,NA,2018-05-29,443,2017-06-18,"y","n","p_yes_b_no","yes"
"113",6492,"Rizike",2014-09-06,2018-03-21,2017-03-11,2017-03-25,NA,NA,NA,NA,NA,NA,NA,NA,NA,NA,NA,NA,NA,NA,NA,NA,NA,NA,NA,NA,NA,NA,"OUT","OUT",NA,NA,NA,NA,NA,NA,NA,NA,NA,NA,NA,NA,NA,2017-04-15,"y","y","p_b_yes","yes"
"114",6495,"Remi",2014-09-19,NA,2017-04-30,2017-05-12,NA,NA,NA,NA,NA,NA,NA,NA,NA,NA,NA,NA,NA,NA,NA,NA,NA,NA,NA,NA,NA,NA,NA,"NP","NK","NP","NP",NA,NA,NA,NA,NA,NA,NA,NA,NA,NA,2017-04-15,"n","n","p_b_no","yes"
"115",6496,"Rumba",2014-10-12,NA,2017-03-12,2017-03-26,2018-10-14,NA,NA,NA,NA,NA,NA,NA,NA,NA,NA,NA,NA,NA,NA,NA,NA,NA,NA,NA,NA,NA,"YES","NP","NP","NP","NP","NP",NA,NA,NA,NA,NA,NA,NA,NA,NA,2017-04-15,"y","y","p_b_yes","yes"
"116",6611,"Saci",2015-03-22,NA,2021-03-30,2021-05-30,2022-05-18,NA,NA,NA,NA,NA,NA,2020-07-30,2021-07-05,NA,NA,NA,NA,NA,NA,NA,NA,NA,NA,NA,NA,NA,"YES","NP","NP",NA,NA,NA,NA,NA,NA,NA,NA,NA,NA,NA,NA,2021-07-19,"y","y","p_b_yes","yes"
"117",6621,"Százszorszép",2015-04-27,NA,2021-04-10,2021-05-27,2022-04-22,NA,NA,NA,NA,NA,NA,NA,2021-05-04,NA,NA,NA,NA,NA,NA,NA,NA,NA,NA,NA,NA,NA,"YES","NP","NP",NA,NA,NA,NA,NA,NA,NA,NA,NA,NA,NA,NA,2021-05-18,"y","n","p_yes_b_no","yes"
"118",6629,"Samira",2015-04-30,NA,2020-05-11,2020-06-13,2021-03-24,NA,NA,2022-04-29,2022-05-26,2023-05-07,NA,NA,2020-03-31,2021-04-05,NA,NA,NA,NA,NA,NA,NA,NA,NA,NA,NA,NA,"YES","YES","NP",NA,NA,NA,NA,NA,NA,NA,NA,"NP",NA,2021-04-05,329,2020-04-14,"n","n","p_b_no","yes"
"119",6651,"Sas",2015-05-10,NA,2021-03-25,2021-06-05,2022-04-22,NA,NA,NA,NA,NA,NA,2020-05-05,2021-05-30,NA,NA,NA,NA,NA,NA,NA,NA,NA,NA,NA,NA,NA,"YES","NP","NP",NA,NA,NA,NA,NA,NA,NA,NA,NA,NA,NA,NA,2021-06-13,"y","y","p_b_yes","yes"
"120",6659,"Seramis",2015-05-16,NA,2020-05-16,2022-03-17,NA,NA,NA,NA,NA,NA,NA,2019-04-28,2020-06-25,NA,NA,NA,NA,NA,NA,NA,NA,NA,NA,NA,NA,NA,NA,"NP","NP","NP",NA,NA,NA,NA,NA,NA,NA,NA,NA,NA,NA,2020-07-09,"y","n","p_yes_b_no","yes"
"121",6672,"Szaffi",2015-05-24,NA,2017-03-11,2017-03-25,NA,NA,NA,NA,NA,NA,NA,NA,NA,NA,NA,NA,NA,NA,NA,NA,NA,NA,NA,NA,NA,NA,"OUT","OUT","OUT",NA,NA,NA,NA,NA,NA,NA,NA,NA,NA,NA,NA,2017-04-15,"y","y","p_b_yes","yes"
"122",6678,"Selymes",2015-05-30,NA,2017-03-12,2017-04-30,2019-05-18,NA,NA,2021-06-05,NA,NA,NA,NA,NA,NA,NA,NA,NA,NA,NA,NA,NA,NA,NA,NA,NA,NA,"YES","NP","NP","NP","NP","NP",NA,NA,NA,NA,NA,NA,NA,NA,NA,2017-04-15,"y","n","p_yes_b_no","yes"
"123",6679,"Szender",2015-05-30,NA,2017-04-01,2017-04-17,2019-09-19,NA,NA,NA,NA,NA,NA,NA,NA,NA,NA,NA,NA,NA,NA,NA,NA,NA,NA,NA,NA,NA,"YES","NP","NP","NP","NP","NP",NA,NA,NA,NA,NA,NA,NA,NA,NA,2017-04-15,"y","n","p_yes_b_no","yes"
"124",6801,"Tulipan",2016-05-06,NA,2019-03-27,2019-05-19,2020-06-03,NA,NA,2023-04-13,2023-05-01,NA,NA,NA,NA,NA,NA,NA,NA,NA,NA,NA,NA,NA,NA,NA,NA,NA,"YES","NP","NP","NP",NA,NA,NA,NA,NA,NA,NA,NA,NA,NA,NA,2019-04-15,"y","n","p_yes_b_no","yes"
"125",6905,"Tacco",2016-05-18,2023-06-05,2022-05-18,2022-06-17,2023-04-22,NA,NA,NA,NA,NA,NA,NA,NA,NA,NA,NA,NA,NA,NA,NA,NA,NA,NA,NA,NA,NA,"YES","OUT",NA,NA,NA,NA,NA,NA,NA,NA,NA,NA,NA,NA,NA,2022-04-15,"n","n","p_b_no","yes"
"126",6824,"Tekla",2016-05-23,NA,2020-05-16,2020-07-02,2021-06-25,NA,NA,2022-04-26,2022-05-27,2023-04-14,NA,NA,NA,2021-04-17,NA,NA,NA,NA,NA,NA,NA,NA,NA,NA,NA,NA,"YES","YES","NP","NP",NA,NA,NA,NA,NA,NA,NA,NA,NA,2021-04-17,336,2020-05-07,"n","n","p_b_no","yes"
"127",6825,"Titok",2016-05-23,2022-11-15,2021-03-31,2021-05-27,NA,NA,NA,NA,NA,NA,NA,NA,NA,NA,NA,NA,NA,NA,NA,NA,NA,NA,NA,NA,NA,NA,NA,"OUT",NA,NA,NA,NA,NA,NA,NA,NA,NA,NA,NA,NA,NA,2021-04-15,"y","n","p_yes_b_no","yes"
"128",6827,"Tristan",2016-05-23,NA,2021-03-24,2021-05-28,2022-04-22,NA,NA,NA,NA,NA,NA,2020-05-06,2021-05-06,NA,NA,NA,NA,NA,NA,NA,NA,NA,NA,NA,NA,NA,"YES","NP","NP",NA,NA,NA,NA,NA,NA,NA,NA,NA,NA,NA,NA,2021-05-20,"y","n","p_yes_b_no","yes"
"129",6836,"Tamariska",2016-05-26,NA,2022-03-23,2022-04-29,NA,NA,NA,NA,NA,NA,NA,2021-05-26,2022-05-11,NA,NA,NA,NA,NA,NA,NA,NA,NA,NA,NA,NA,NA,"OUT","OUT",NA,NA,NA,NA,NA,NA,NA,NA,NA,NA,NA,NA,NA,2022-05-25,"y","y","p_b_yes","yes"
"130",6837,"Tango",2016-05-26,NA,2022-04-04,2022-05-13,2023-04-14,NA,NA,NA,NA,NA,NA,2021-04-26,2022-04-20,NA,NA,NA,NA,NA,NA,NA,NA,NA,NA,NA,NA,NA,"YES","NP",NA,NA,NA,NA,NA,NA,NA,NA,NA,NA,NA,NA,NA,2022-05-04,"y","n","p_yes_b_no","yes"
"131",6850,"Thetis",2016-05-29,NA,2021-03-24,2021-05-30,2022-04-29,NA,NA,NA,NA,NA,NA,2020-05-15,2021-05-11,NA,NA,NA,NA,NA,NA,NA,NA,NA,NA,NA,NA,NA,"YES","NP","NP",NA,NA,NA,NA,NA,NA,NA,NA,NA,NA,NA,NA,2021-05-25,"y","n","p_yes_b_no","yes"
"132",6868,"Trüffel",2016-06-18,NA,2022-04-06,2022-05-12,NA,NA,NA,NA,NA,NA,NA,2021-05-13,NA,NA,NA,NA,NA,NA,NA,NA,NA,NA,NA,NA,NA,NA,NA,NA,NA,NA,NA,NA,NA,NA,NA,NA,NA,NA,NA,NA,NA,2022-05-13,"y","y","p_b_yes","yes"
"133",6876,"Thunder",2016-06-23,NA,2022-03-17,2022-04-26,NA,NA,NA,NA,NA,NA,NA,2021-05-01,2022-05-17,NA,NA,NA,NA,NA,NA,NA,NA,NA,NA,NA,NA,NA,NA,"NP",NA,NA,NA,NA,NA,NA,NA,NA,NA,NA,NA,NA,NA,2022-05-31,"y","y","p_b_yes","yes"
"134",6913,"Tauriel",2016-10-01,2020-09-07,2019-03-23,2019-04-26,2020-06-13,NA,NA,NA,NA,NA,NA,NA,NA,NA,NA,NA,NA,NA,NA,NA,NA,NA,NA,NA,NA,NA,"YES","NP","OUT",NA,NA,NA,NA,NA,NA,NA,NA,NA,NA,NA,NA,2019-04-15,"y","n","p_yes_b_no","yes"
"135",7036,"Unikornis",2017-04-28,2023-02-28,2021-04-10,2021-05-30,2022-04-29,NA,NA,NA,NA,NA,NA,2020-05-11,2021-06-04,NA,NA,NA,NA,NA,NA,NA,NA,NA,NA,NA,NA,NA,"YES","NP","OUT",NA,NA,NA,NA,NA,NA,NA,NA,NA,NA,NA,NA,2021-06-18,"y","y","p_b_yes","yes"
"136",7059,"Üröm",2017-05-05,NA,2021-06-15,2022-07-07,NA,NA,NA,NA,NA,NA,NA,NA,2020-08-01,NA,2022-05-09,NA,NA,NA,NA,NA,NA,NA,NA,NA,NA,NA,NA,"NP","YES",NA,NA,NA,NA,NA,NA,NA,NA,NA,NA,2022-05-09,328,2020-08-15,"n","n","p_b_no","no"
"137",7074,"Ulla",2017-05-17,NA,2022-03-17,2022-04-26,2023-05-09,NA,NA,NA,NA,NA,NA,2021-06-14,2022-06-21,NA,NA,NA,NA,NA,NA,NA,NA,NA,NA,NA,NA,NA,"YES","NP",NA,NA,NA,NA,NA,NA,NA,NA,NA,NA,NA,NA,NA,2022-07-05,"y","y","p_b_yes","yes"
"138",7076,"Ural",2017-05-17,NA,2021-03-30,2021-06-05,2022-07-07,NA,NA,NA,NA,NA,NA,NA,2021-05-30,NA,NA,NA,NA,NA,NA,NA,NA,NA,NA,NA,NA,NA,"YES","NP",NA,NA,NA,NA,NA,NA,NA,NA,NA,NA,NA,NA,NA,2021-06-13,"y","y","p_b_yes","yes"
"139",7078,"Ugar",2017-05-17,NA,2021-03-31,2022-05-14,NA,NA,NA,NA,NA,NA,NA,NA,NA,NA,NA,NA,NA,NA,NA,NA,NA,NA,NA,NA,NA,NA,NA,"NP",NA,NA,NA,NA,NA,NA,NA,NA,NA,NA,NA,NA,NA,2021-04-15,"y","n","p_yes_b_no","yes"
"140",7124,"Üdvöske",2017-05-18,NA,2022-04-06,2022-05-13,2023-04-14,NA,NA,NA,NA,NA,NA,2021-06-14,NA,NA,NA,NA,NA,NA,NA,NA,NA,NA,NA,NA,NA,NA,"YES",NA,NA,NA,NA,NA,NA,NA,NA,NA,NA,NA,NA,NA,NA,2022-06-14,"y","y","p_b_yes","yes"
"141",7089,"Uadzset",2017-05-23,NA,2022-03-17,2022-04-29,2023-04-14,NA,NA,NA,NA,NA,NA,NA,2022-07-25,NA,NA,NA,NA,NA,NA,NA,NA,NA,NA,NA,NA,NA,"YES","NP",NA,NA,NA,NA,NA,NA,NA,NA,NA,NA,NA,NA,NA,2022-08-08,"y","y","p_b_yes","yes"
"142",7094,"Üde",2017-05-24,NA,2022-04-04,2022-05-09,2023-05-07,NA,NA,NA,NA,NA,NA,2021-05-30,NA,NA,NA,NA,NA,NA,NA,NA,NA,NA,NA,NA,NA,NA,"YES",NA,NA,NA,NA,NA,NA,NA,NA,NA,NA,NA,NA,NA,NA,2022-05-30,"y","y","p_b_yes","yes"
"143",7119,"Ursus",2017-06-12,NA,2022-04-26,2022-06-13,NA,NA,NA,NA,NA,NA,NA,NA,NA,NA,NA,NA,NA,NA,NA,NA,NA,NA,NA,NA,NA,NA,NA,NA,NA,NA,NA,NA,NA,NA,NA,NA,NA,NA,NA,NA,NA,2022-04-15,"n","n","p_b_no","yes"
"144",NA,"Ugyes",2017-06-29,NA,2022-03-23,2022-04-26,NA,NA,NA,NA,NA,NA,NA,2021-05-10,NA,NA,NA,NA,NA,NA,NA,NA,NA,NA,NA,NA,NA,NA,NA,NA,NA,NA,NA,NA,NA,NA,NA,NA,NA,NA,NA,NA,NA,2022-05-10,"y","y","p_b_yes","yes"
"145",7346,"Vadóc",2018-04-27,NA,2022-04-19,2022-06-13,2023-04-22,NA,NA,NA,NA,NA,NA,2021-05-24,NA,NA,NA,NA,NA,NA,NA,NA,NA,NA,NA,NA,NA,NA,"YES",NA,NA,NA,NA,NA,NA,NA,NA,NA,NA,NA,NA,NA,NA,2022-05-24,"y","n","p_yes_b_no","yes"
"146",7352,"Vanda",2018-05-05,NA,2022-04-26,2022-06-01,2023-04-14,NA,NA,NA,NA,NA,NA,2021-05-21,NA,NA,NA,NA,NA,NA,NA,NA,NA,NA,NA,NA,NA,NA,"YES",NA,NA,NA,NA,NA,NA,NA,NA,NA,NA,NA,NA,NA,NA,2022-05-21,"y","n","p_yes_b_no","yes"
"147",7353,"Valentina",2018-05-06,NA,2023-03-17,NA,NA,NA,NA,NA,NA,NA,NA,2022-05-17,NA,NA,NA,NA,NA,NA,NA,NA,NA,NA,NA,NA,NA,NA,NA,NA,NA,NA,NA,NA,NA,NA,NA,NA,NA,NA,NA,NA,NA,2023-05-17,"y",NA,"p_yes_nobooster",NA
"148",7354,"Vidra",2018-05-09,NA,2022-03-23,2022-04-29,NA,NA,NA,NA,NA,NA,NA,2021-04-17,2022-04-30,NA,NA,NA,NA,NA,NA,NA,NA,NA,NA,NA,NA,NA,NA,NA,NA,NA,NA,NA,NA,NA,NA,NA,NA,NA,NA,NA,NA,2022-05-14,"y","y","p_b_yes","yes"
"149",7362,"Valiosa",2018-05-11,NA,2022-04-06,2022-05-13,2023-05-07,NA,NA,NA,NA,NA,NA,NA,2022-05-30,NA,NA,NA,NA,NA,NA,NA,NA,NA,NA,NA,NA,NA,"YES","NP",NA,NA,NA,NA,NA,NA,NA,NA,NA,NA,NA,NA,NA,2022-06-13,"y","y","p_b_yes","yes"
"150",7383,"Vicus",2018-05-19,NA,2022-04-14,2022-05-26,NA,NA,NA,2023-03-26,2023-04-22,NA,NA,2021-05-10,NA,NA,NA,NA,NA,NA,NA,NA,NA,NA,NA,NA,NA,NA,NA,"NP",NA,NA,NA,NA,NA,NA,NA,NA,NA,NA,NA,NA,NA,2022-05-10,"y","n","p_yes_b_no","yes"
"151",7384,"Vaj",2018-05-19,NA,2022-04-26,2022-06-08,NA,NA,NA,NA,NA,NA,NA,NA,2022-05-24,NA,NA,NA,NA,NA,NA,NA,NA,NA,NA,NA,NA,NA,NA,NA,NA,NA,NA,NA,NA,NA,NA,NA,NA,NA,NA,NA,NA,2022-06-07,"y","n","p_yes_b_no","yes"
"152",7403,"Vojtina",2018-05-29,NA,2022-03-17,2022-04-26,NA,NA,NA,NA,NA,NA,NA,NA,2022-05-11,NA,NA,NA,NA,NA,NA,NA,NA,NA,NA,NA,NA,NA,NA,NA,NA,NA,NA,NA,NA,NA,NA,NA,NA,NA,NA,NA,NA,2022-05-25,"y","y","p_b_yes","yes"
"153",7425,"Vesta",2018-06-20,NA,2022-03-17,2022-04-26,NA,NA,NA,NA,NA,NA,NA,2021-05-01,NA,NA,NA,NA,NA,NA,NA,NA,NA,NA,NA,NA,NA,NA,NA,NA,NA,NA,NA,NA,NA,NA,NA,NA,NA,NA,NA,NA,NA,2022-05-01,"y","y","p_b_yes","yes"
"154",7428,"Vanília",2018-06-25,NA,2023-03-26,2023-05-07,NA,NA,NA,NA,NA,NA,NA,2022-05-15,2023-07-15,NA,NA,NA,NA,NA,NA,NA,NA,NA,NA,NA,NA,NA,NA,NA,NA,NA,NA,NA,NA,NA,NA,NA,NA,NA,NA,NA,NA,2023-07-29,"y","y","p_b_yes","yes"
"155",7435,"Villo",2018-07-01,NA,2022-04-19,2022-06-02,2023-04-22,NA,NA,NA,NA,NA,NA,2021-05-12,NA,NA,NA,NA,NA,NA,NA,NA,NA,NA,NA,NA,NA,NA,"YES",NA,NA,NA,NA,NA,NA,NA,NA,NA,NA,NA,NA,NA,NA,2022-05-12,"y","n","p_yes_b_no","yes"
"156",7642,"Zanza",2019-04-28,NA,2022-04-04,2022-05-14,2023-05-07,NA,NA,NA,NA,NA,NA,NA,2022-06-20,NA,NA,NA,NA,NA,NA,NA,NA,NA,NA,NA,NA,NA,"YES","NP",NA,NA,NA,NA,NA,NA,NA,NA,NA,NA,NA,NA,NA,2022-07-04,"y","y","p_b_yes","yes"
"157",7643,"Zizi",2019-04-28,NA,2023-04-13,2023-05-07,NA,NA,NA,NA,NA,NA,NA,2022-05-23,NA,NA,NA,NA,NA,NA,NA,NA,NA,NA,NA,NA,NA,NA,NA,NA,NA,NA,NA,NA,NA,NA,NA,NA,NA,NA,NA,NA,NA,2023-05-23,"y","y","p_b_yes","yes"
"158",7644,"Zúzmara",2019-04-28,NA,2022-04-19,2022-05-26,2023-04-22,NA,NA,NA,NA,NA,NA,NA,NA,NA,NA,NA,NA,NA,NA,NA,NA,NA,NA,NA,NA,NA,"YES","NP",NA,NA,NA,NA,NA,NA,NA,NA,NA,NA,NA,NA,NA,2022-04-15,"n","n","p_b_no","yes"
"159",7649,"Zanót",2019-04-30,NA,2023-04-13,NA,NA,NA,NA,NA,NA,NA,NA,NA,NA,NA,NA,NA,NA,NA,NA,NA,NA,NA,NA,NA,NA,NA,NA,NA,NA,NA,NA,NA,NA,NA,NA,NA,NA,NA,NA,NA,NA,2023-04-15,"y",NA,"p_yes_nobooster",NA
"160",NA,"Zulejka",2019-05-03,NA,2023-04-22,NA,NA,NA,NA,NA,NA,NA,NA,NA,NA,NA,NA,NA,NA,NA,NA,NA,NA,NA,NA,NA,NA,NA,NA,NA,NA,NA,NA,NA,NA,NA,NA,NA,NA,NA,NA,NA,NA,2023-04-15,"n",NA,"p_no_nobooster",NA
"161",7678,"Zsenerőz",2019-05-08,NA,2022-04-06,2022-05-12,2023-04-22,NA,NA,NA,NA,NA,NA,NA,2022-06-27,NA,NA,NA,NA,NA,NA,NA,NA,NA,NA,NA,NA,NA,"YES","NP",NA,NA,NA,NA,NA,NA,NA,NA,NA,NA,NA,NA,NA,2022-07-11,"y","y","p_b_yes","yes"
"162",7679,"Zserbo",2019-05-08,NA,2023-03-29,2023-05-04,NA,NA,NA,NA,NA,NA,NA,2022-05-09,2023-07-15,NA,NA,NA,NA,NA,NA,NA,NA,NA,NA,NA,NA,NA,NA,NA,NA,NA,NA,NA,NA,NA,NA,NA,NA,NA,NA,NA,NA,2023-07-29,"y","y","p_b_yes","yes"
"163",7695,"Zsurló",2019-05-14,NA,2023-04-13,2023-05-07,NA,NA,NA,NA,NA,NA,NA,NA,NA,NA,NA,NA,NA,NA,NA,NA,NA,NA,NA,NA,NA,NA,NA,NA,NA,NA,NA,NA,NA,NA,NA,NA,NA,NA,NA,NA,NA,2023-04-15,"y","n","p_yes_b_no","yes"
"164",7717,"Zselyke",2019-05-19,NA,2023-03-26,2023-05-07,NA,NA,NA,NA,NA,NA,NA,NA,NA,NA,NA,NA,NA,NA,NA,NA,NA,NA,NA,NA,NA,NA,NA,NA,NA,NA,NA,NA,NA,NA,NA,NA,NA,NA,NA,NA,NA,2023-04-15,"y","n","p_yes_b_no","yes"
"165",7750,"Zoira",2019-05-28,NA,2023-03-29,2023-05-01,NA,NA,NA,NA,NA,NA,NA,2022-05-22,NA,NA,NA,NA,NA,NA,NA,NA,NA,NA,NA,NA,NA,NA,NA,NA,NA,NA,NA,NA,NA,NA,NA,NA,NA,NA,NA,NA,NA,2023-05-22,"y","y","p_b_yes","yes"
"166",7782,"Zizeg",2019-06-05,NA,2023-04-13,2023-05-07,NA,NA,NA,NA,NA,NA,NA,2022-07-05,NA,NA,NA,NA,NA,NA,NA,NA,NA,NA,NA,NA,NA,NA,NA,NA,NA,NA,NA,NA,NA,NA,NA,NA,NA,NA,NA,NA,NA,2023-07-05,"y","y","p_b_yes","yes"
"167",7821,"Zeller",2019-06-23,NA,2023-03-26,2023-04-21,NA,NA,NA,NA,NA,NA,NA,NA,NA,NA,NA,NA,NA,NA,NA,NA,NA,NA,NA,NA,NA,NA,NA,NA,NA,NA,NA,NA,NA,NA,NA,NA,NA,NA,NA,NA,NA,2023-04-15,"y","n","p_yes_b_no","yes"
"168",7849,"Zsálya",2019-07-16,NA,2023-03-22,2023-04-22,NA,NA,NA,NA,NA,NA,NA,NA,NA,NA,NA,NA,NA,NA,NA,NA,NA,NA,NA,NA,NA,NA,NA,NA,NA,NA,NA,NA,NA,NA,NA,NA,NA,NA,NA,NA,NA,2023-04-15,"y","n","p_yes_b_no","yes"
"169",NA,"Andromeda",2020-06-12,NA,2023-04-22,2023-05-07,NA,NA,NA,NA,NA,NA,NA,NA,NA,NA,NA,NA,NA,NA,NA,NA,NA,NA,NA,NA,NA,NA,NA,NA,NA,NA,NA,NA,NA,NA,NA,NA,NA,NA,NA,NA,NA,2023-04-15,"n","n","p_b_no","yes"
"170",8180,"Almond",2020-07-20,NA,2023-04-14,NA,NA,NA,NA,NA,NA,NA,NA,NA,2023-06-27,NA,NA,NA,NA,NA,NA,NA,NA,NA,NA,NA,NA,NA,NA,NA,NA,NA,NA,NA,NA,NA,NA,NA,NA,NA,NA,NA,NA,2023-07-11,"y",NA,"p_yes_nobooster",NA
"171",8194,"Antilop",2020-08-16,NA,2023-03-26,2023-05-01,NA,NA,NA,NA,NA,NA,NA,NA,NA,NA,NA,NA,NA,NA,NA,NA,NA,NA,NA,NA,NA,NA,NA,NA,NA,NA,NA,NA,NA,NA,NA,NA,NA,NA,NA,NA,NA,2023-04-15,"y","n","p_yes_b_no","yes"
